2024-05-23 20:46:46,<function get_bitcoin_price at 0x7f91b71da2a0>
2024-05-23 20:53:13,<function get_bitcoin_price at 0x7f7eb5bda2a0>
2024-05-23 20:59:06,<function get_bitcoin_price at 0x7f1388d862a0>
2024-05-23 21:12:39,68223.5475
2024-05-23 21:23:03,67241.7001
2024-05-23 21:29:09,67349.5374
2024-05-23 21:36:32,67711.744
2024-05-23 21:42:23,67605.5677
2024-05-23 21:48:42,67900.6014
2024-05-23 21:54:35,68041.0482
2024-05-23 22:01:53,67837.7229
2024-05-23 22:18:09,67709.0094
2024-05-23 22:29:16,67649.2653
2024-05-23 22:35:24,67674.022
2024-05-23 22:41:32,67635.2971
2024-05-23 22:47:40,67624.4463
2024-05-23 22:53:55,67677.4022
2024-05-23 23:00:01,67698.2276
2024-05-23 23:16:16,67561.944
2024-05-23 23:25:09,67647.8047
2024-05-23 23:31:29,67652.2917
2024-05-23 23:37:45,67735.4808
2024-05-23 23:43:49,67766.6048
2024-05-23 23:50:11,67883.1044
2024-05-23 23:56:18,67943.3599
2024-05-24 00:40:39,67905.2605
2024-05-24 01:42:04,67685.7821
2024-05-24 02:19:03,67818.1914
2024-05-24 02:38:03,67682.3378
2024-05-24 02:45:08,67696.3908
2024-05-24 02:51:33,67780.0317
2024-05-24 02:57:21,67962.1069
2024-05-24 03:12:13,67947.3827
2024-05-24 03:25:51,67891.7818
2024-05-24 03:32:14,67862.4352
2024-05-24 03:38:27,67874.0375
2024-05-24 03:44:38,67926.1613
2024-05-24 03:50:50,67909.4476
2024-05-24 03:56:49,67869.1911
2024-05-24 04:13:05,67918.1055
2024-05-24 04:28:29,67727.5628
2024-05-24 04:38:05,67687.1783
2024-05-24 04:44:04,67680.918
2024-05-24 04:50:02,67704.7974
2024-05-24 04:56:12,67707.1261
2024-05-24 05:09:14,67617.1947
2024-05-24 05:25:08,67555.0677
2024-05-24 05:31:32,67381.5084
2024-05-24 05:37:36,67387.9013
2024-05-24 05:43:39,67182.3533
2024-05-24 05:50:01,67275.4142
2024-05-24 05:56:07,67300.8353
2024-05-24 06:12:23,67551.9207
2024-05-24 06:30:24,67182.5529
2024-05-24 06:39:24,67248.4252
2024-05-24 06:45:39,67161.3385
2024-05-24 06:51:39,67081.6221
2024-05-24 06:57:30,67015.0618
2024-05-24 07:10:40,66976.7374
2024-05-24 07:20:17,67162.1428
2024-05-24 07:26:13,67232.6888
2024-05-24 07:33:21,67286.4595
2024-05-24 07:39:25,67196.6746
2024-05-24 07:45:26,67014.016
2024-05-24 07:51:51,67028.3162
2024-05-24 07:58:01,67169.7595
2024-05-24 08:15:06,67009.4078
2024-05-24 08:28:40,66741.7693
2024-05-24 08:36:17,66893.2633
2024-05-24 08:42:32,67123.1903
2024-05-24 08:48:54,67154.9489
2024-05-24 08:55:06,67201.9491
2024-05-24 09:07:55,67230.0402
2024-05-24 09:22:43,67105.1341
2024-05-24 09:28:54,67116.5847
2024-05-24 09:35:39,67282.6568
2024-05-24 09:41:51,67317.5238
2024-05-24 09:47:59,67311.0985
2024-05-24 09:54:12,67362.1278
2024-05-24 10:00:21,67401.2481
2024-05-24 10:17:45,67411.4369
2024-05-24 10:31:33,67408.7399
2024-05-24 10:38:48,67416.6028
2024-05-24 10:44:52,67485.8355
2024-05-24 10:50:50,67452.161
2024-05-24 10:57:01,67353.5299
2024-05-24 11:10:28,67445.0687
2024-05-24 11:20:57,67424.8479
2024-05-24 11:26:52,67403.909
2024-05-24 11:35:09,67405.9916
2024-05-24 11:41:13,67365.212
2024-05-24 11:47:11,67368.8754
2024-05-24 11:53:30,67330.932
2024-05-24 11:59:44,67378.0095
2024-05-24 12:27:51,67524.989
2024-05-24 12:49:14,67401.0107
2024-05-24 13:00:08,67500.8671
2024-05-24 13:17:05,67369.9316
2024-05-24 13:26:49,67373.2502
2024-05-24 13:34:42,67472.7618
2024-05-24 13:40:51,67315.382
2024-05-24 13:46:53,67406.5447
2024-05-24 13:53:16,67169.1894
2024-05-24 13:59:40,67144.1828
2024-05-24 14:14:13,67243.153
2024-05-24 14:27:05,67706.6553
2024-05-24 14:33:40,67899.4359
2024-05-24 14:39:42,67952.7019
2024-05-24 14:45:48,67803.3813
2024-05-24 14:51:55,67886.0353
2024-05-24 14:57:54,67920.2365
2024-05-24 15:13:03,68310.0912
2024-05-24 15:25:30,68278.6677
2024-05-24 15:31:35,68291.411
2024-05-24 15:37:49,68304.3244
2024-05-24 15:43:53,68188.6559
2024-05-24 15:50:07,68297.8066
2024-05-24 15:56:20,68210.3128
2024-05-24 16:10:46,68248.1109
2024-05-24 16:27:24,68116.7555
2024-05-24 16:36:19,68183.6705
2024-05-24 16:42:09,68228.962
2024-05-24 16:48:16,68297.0959
2024-05-24 16:54:10,68401.3385
2024-05-24 17:00:15,68436.3237
2024-05-24 17:15:41,68590.683
2024-05-24 17:28:46,68642.102
2024-05-24 17:35:19,68759.5778
2024-05-24 17:41:28,68754.9251
2024-05-24 17:47:28,68736.9736
2024-05-24 17:53:44,68825.3224
2024-05-24 17:59:57,68949.7936
2024-05-24 18:20:00,69209.0321
2024-05-24 18:31:55,69078.8303
2024-05-24 18:39:34,68998.083
2024-05-24 18:45:49,69035.5354
2024-05-24 18:52:02,68999.1048
2024-05-24 18:58:00,69028.5114
2024-05-24 19:09:37,68838.7896
2024-05-24 19:17:33,68955.6969
2024-05-24 19:23:50,69044.2211
2024-05-24 19:29:43,68944.7426
2024-05-24 19:36:01,68986.9913
2024-05-24 19:41:59,69024.5762
2024-05-24 19:48:06,68958.2339
2024-05-24 19:54:17,69036.3137
2024-05-24 20:00:26,69162.6327
2024-05-24 20:17:10,69074.0683
2024-05-24 20:25:48,68987.6737
2024-05-24 20:32:13,69004.7643
2024-05-24 20:39:38,68974.7648
2024-05-24 20:45:55,69010.2761
2024-05-24 20:52:16,69076.443
2024-05-24 20:58:13,68999.636
2024-05-24 21:11:18,69015.0521
2024-05-24 21:22:18,68949.5186
2024-05-24 21:28:19,68888.0275
2024-05-24 21:35:28,68963.5421
2024-05-24 21:41:41,68964.0422
2024-05-24 21:47:53,68857.4982
2024-05-24 21:53:53,68889.4664
2024-05-24 21:59:52,68926.0739
2024-05-24 22:14:28,68853.8775
2024-05-24 22:27:22,68837.8429
2024-05-24 22:33:34,68881.4357
2024-05-24 22:39:26,68896.3366
2024-05-24 22:45:21,68885.4372
2024-05-24 22:51:52,68839.6148
2024-05-24 22:57:47,68859.8622
2024-05-24 23:11:10,68792.6561
2024-05-24 23:21:26,68784.5622
2024-05-24 23:27:23,68794.6901
2024-05-24 23:35:37,68713.7511
2024-05-24 23:41:36,68723.8613
2024-05-24 23:47:46,68667.7429
2024-05-24 23:54:03,68614.376
2024-05-25 00:00:19,68641.1603
2024-05-25 01:08:16,68705.6092
2024-05-25 02:01:12,68712.004
2024-05-25 02:28:34,68883.8357
2024-05-25 02:40:24,68778.3046
2024-05-25 02:46:39,68799.4682
2024-05-25 02:52:40,68841.5911
2024-05-25 02:59:00,68889.3925
2024-05-25 03:17:15,68741.0028
2024-05-25 03:29:51,68788.2414
2024-05-25 03:37:09,68803.6188
2024-05-25 03:43:19,68780.7552
2024-05-25 03:49:29,68804.6081
2024-05-25 03:55:31,68821.9436
2024-05-25 04:08:47,68840.6911
2024-05-25 04:25:14,68797.0525
2024-05-25 04:34:08,68807.7945
2024-05-25 04:40:17,68847.1115
2024-05-25 04:46:10,68826.4403
2024-05-25 04:52:21,68824.103
2024-05-25 04:58:16,68824.7136
2024-05-25 05:11:35,68835.1011
2024-05-25 05:25:44,68850.3022
2024-05-25 05:31:57,68857.7956
2024-05-25 05:38:02,68824.9377
2024-05-25 05:43:56,68778.0426
2024-05-25 05:50:15,68783.0092
2024-05-25 05:56:23,68780.7949
2024-05-25 06:12:31,68767.1075
2024-05-25 06:30:35,68748.7587
2024-05-25 06:40:00,68712.5594
2024-05-25 06:45:51,68710.2359
2024-05-25 06:52:10,68714.7433
2024-05-25 06:58:07,68701.8703
2024-05-25 07:10:20,68718.9269
2024-05-25 07:20:00,68715.725
2024-05-25 07:26:05,68800.2192
2024-05-25 07:32:28,68814.3832
2024-05-25 07:38:38,68763.6663
2024-05-25 07:44:35,68776.29
2024-05-25 07:50:38,68780.9236
2024-05-25 07:56:52,68820.6678
2024-05-25 08:12:24,68860.3794
2024-05-25 08:27:10,68994.5528
2024-05-25 08:34:33,69042.8148
2024-05-25 08:40:40,68986.2773
2024-05-25 08:46:51,68941.7342
2024-05-25 08:53:09,68905.5939
2024-05-25 08:59:12,68946.5023
2024-05-25 09:13:20,68994.7522
2024-05-25 09:24:09,69062.9048
2024-05-25 09:30:01,69143.5381
2024-05-25 09:37:09,69172.8306
2024-05-25 09:43:13,69150.9267
2024-05-25 09:49:18,69154.2361
2024-05-25 09:55:18,69153.9363
2024-05-25 10:07:49,69097.4217
2024-05-25 10:25:49,69138.3809
2024-05-25 10:35:50,69165.786
2024-05-25 10:41:58,69171.0466
2024-05-25 10:48:07,69435.9027
2024-05-25 10:54:07,69484.993
2024-05-25 11:00:27,69437.9594
2024-05-25 11:13:41,69569.8782
2024-05-25 11:21:07,69528.8414
2024-05-25 11:27:14,69587.3367
2024-05-25 11:33:58,69509.875
2024-05-25 11:39:53,69483.1939
2024-05-25 11:46:09,69477.0622
2024-05-25 11:52:20,69324.5457
2024-05-25 11:58:29,69204.0946
2024-05-25 12:22:25,69332.6793
2024-05-25 12:44:26,69238.416
2024-05-25 12:55:45,69170.1641
2024-05-25 13:07:07,69246.9244
2024-05-25 13:20:59,69264.4971
2024-05-25 13:27:08,69202.7183
2024-05-25 13:34:43,69241.703
2024-05-25 13:40:57,69062.9819
2024-05-25 13:46:51,69079.4359
2024-05-25 13:53:10,69065.1156
2024-05-25 13:59:23,69090.4512
2024-05-25 14:12:50,69117.8952
2024-05-25 14:25:41,69079.0342
2024-05-25 14:32:01,69100.0452
2024-05-25 14:38:23,69057.43
2024-05-25 14:44:13,69074.9158
2024-05-25 14:50:19,69099.1588
2024-05-25 14:56:34,69090.7799
2024-05-25 15:08:48,69200.4122
2024-05-25 15:22:13,69218.9102
2024-05-25 15:28:32,69211.5206
2024-05-25 15:35:00,69173.8211
2024-05-25 15:41:04,69136.4876
2024-05-25 15:47:09,69077.5589
2024-05-25 15:53:22,69061.9165
2024-05-25 15:59:35,68985.7412
2024-05-25 16:16:24,68970.0707
2024-05-25 16:30:39,69043.3511
2024-05-25 16:38:14,69025.0016
2024-05-25 16:44:28,68992.3329
2024-05-25 16:50:42,68959.6674
2024-05-25 16:56:53,68998.6664
2024-05-25 17:09:50,69006.7072
2024-05-25 17:25:21,69099.7272
2024-05-25 17:32:31,69035.7527
2024-05-25 17:38:42,69049.8819
2024-05-25 17:44:40,69057.8921
2024-05-25 17:50:56,69091.9883
2024-05-25 17:56:53,69140.8288
2024-05-25 18:11:57,69242.5037
2024-05-25 18:27:48,69252.6223
2024-05-25 18:35:03,69220.1946
2024-05-25 18:41:02,69200.1906
2024-05-25 18:47:33,69212.2531
2024-05-25 18:53:47,69243.2585
2024-05-25 19:00:03,69257.339
2024-05-25 19:12:20,69244.5128
2024-05-25 19:18:38,69212.0571
2024-05-25 19:24:30,69208.075
2024-05-25 19:30:48,69206.4448
2024-05-25 19:37:21,69188.6118
2024-05-25 19:43:14,69191.3064
2024-05-25 19:49:14,69177.9409
2024-05-25 19:55:22,69222.8127
2024-05-25 20:06:35,69227.617
2024-05-25 20:20:31,69207.5372
2024-05-25 20:26:28,69182.4997
2024-05-25 20:33:03,69152.5176
2024-05-25 20:39:03,69139.9405
2024-05-25 20:45:27,69152.6617
2024-05-25 20:51:43,69183.8722
2024-05-25 20:57:49,69179.9174
2024-05-25 21:09:50,69136.8166
2024-05-25 21:19:41,69142.7449
2024-05-25 21:25:56,69154.3748
2024-05-25 21:32:34,69183.2181
2024-05-25 21:38:51,69181.9609
2024-05-25 21:44:44,69202.3111
2024-05-25 21:50:54,69150.3243
2024-05-25 21:56:59,69163.6044
2024-05-25 22:09:29,69181.5593
2024-05-25 22:24:38,69165.3496
2024-05-25 22:30:37,69109.7705
2024-05-25 22:37:03,69125.0306
2024-05-25 22:43:13,69160.4971
2024-05-25 22:49:27,69175.4618
2024-05-25 22:55:18,69178.5196
2024-05-25 23:06:56,69401.0646
2024-05-25 23:19:34,69343.312
2024-05-25 23:25:21,69380.2546
2024-05-25 23:31:40,69389.264
2024-05-25 23:37:46,69338.9995
2024-05-25 23:43:43,69305.3108
2024-05-25 23:50:00,69293.2996
2024-05-25 23:55:54,69336.3918
2024-05-26 00:41:08,69211.6321
2024-05-26 01:47:09,69225.2527
2024-05-26 02:22:39,68935.8052
2024-05-26 02:41:08,68948.2481
2024-05-26 02:48:03,68932.6192
2024-05-26 02:54:03,68955.5562
2024-05-26 02:59:57,68940.4023
2024-05-26 03:16:08,69032.9593
2024-05-26 03:27:16,68966.7524
2024-05-26 03:33:55,68981.7691
2024-05-26 03:40:04,69049.8948
2024-05-26 03:46:03,69058.2788
2024-05-26 03:52:20,69135.5883
2024-05-26 03:58:33,69098.5079
2024-05-26 04:14:36,69001.3965
2024-05-26 04:30:31,69053.0566
2024-05-26 04:38:39,68989.7491
2024-05-26 04:44:35,69032.7293
2024-05-26 04:50:37,69005.1641
2024-05-26 04:56:47,69025.9603
2024-05-26 05:09:02,68995.4652
2024-05-26 05:23:47,69018.6174
2024-05-26 05:29:45,69016.3481
2024-05-26 05:35:49,69087.6098
2024-05-26 05:41:55,69077.6951
2024-05-26 05:48:24,69077.2414
2024-05-26 05:54:35,69120.1888
2024-05-26 06:07:47,69200.5161
2024-05-26 06:27:12,69146.7158
2024-05-26 06:35:33,69100.1862
2024-05-26 06:41:54,69096.688
2024-05-26 06:47:58,69097.5741
2024-05-26 06:54:07,69109.1148
2024-05-26 06:59:58,69133.776
2024-05-26 07:13:55,69157.3062
2024-05-26 07:22:21,69181.9611
2024-05-26 07:28:40,69177.6388
2024-05-26 07:35:00,69444.9953
2024-05-26 07:41:15,69403.7824
2024-05-26 07:47:27,69327.9922
2024-05-26 07:53:42,69331.3017
2024-05-26 07:59:58,69360.6867
2024-05-26 08:18:27,69475.8999
2024-05-26 08:29:21,69324.5399
2024-05-26 08:35:40,69222.934
2024-05-26 08:41:35,69232.6418
2024-05-26 08:47:46,69169.3664
2024-05-26 08:53:53,69100.3624
2024-05-26 08:59:51,69164.6906
2024-05-26 09:16:39,69210.4642
2024-05-26 09:26:12,69133.7004
2024-05-26 09:32:47,69073.9553
2024-05-26 09:38:54,69059.4341
2024-05-26 09:45:15,69083.7659
2024-05-26 09:51:27,69078.4375
2024-05-26 09:57:25,69095.4156
2024-05-26 10:11:20,69173.6913
2024-05-26 10:28:50,69161.5824
2024-05-26 10:37:50,69142.4732
2024-05-26 10:43:35,69187.6795
2024-05-26 10:49:40,69189.8484
2024-05-26 10:55:59,69224.6786
2024-05-26 11:07:11,69242.7014
2024-05-26 11:17:43,69232.812
2024-05-26 11:24:07,69163.4425
2024-05-26 11:30:06,69131.374
2024-05-26 11:36:42,69096.8186
2024-05-26 11:42:49,69122.6265
2024-05-26 11:48:45,69133.7917
2024-05-26 11:54:54,69113.8702
2024-05-26 12:10:19,69153.3148
2024-05-26 12:37:35,69027.3145
2024-05-26 12:52:00,68992.6036
2024-05-26 12:59:29,68998.8715
2024-05-26 13:14:12,68974.3361
2024-05-26 13:23:10,69053.4696
2024-05-26 13:29:14,69038.1726
2024-05-26 13:36:05,69052.5146
2024-05-26 13:41:57,68966.4005
2024-05-26 13:48:03,69021.23
2024-05-26 13:54:15,69046.2217
2024-05-26 14:00:28,69134.4379
2024-05-26 14:13:22,69138.0069
2024-05-26 14:24:47,69061.3902
2024-05-26 14:30:47,69056.8789
2024-05-26 14:36:56,69128.5427
2024-05-26 14:43:12,69131.3881
2024-05-26 14:49:25,69237.227
2024-05-26 14:55:32,69259.1019
2024-05-26 15:08:17,69342.0472
2024-05-26 15:22:28,69172.5113
2024-05-26 15:28:46,69258.9856
2024-05-26 15:35:10,69249.6944
2024-05-26 15:41:25,69156.6608
2024-05-26 15:47:35,68837.446
2024-05-26 15:53:47,68713.7614
2024-05-26 16:00:05,68839.1626
2024-05-26 16:18:53,68855.2055
2024-05-26 16:31:30,68758.2905
2024-05-26 16:38:57,68838.5162
2024-05-26 16:45:04,68892.4835
2024-05-26 16:51:17,68912.1555
2024-05-26 16:57:12,68781.5722
2024-05-26 17:09:11,68821.4335
2024-05-26 17:24:08,68883.3669
2024-05-26 17:30:06,68832.6447
2024-05-26 17:36:05,68858.6491
2024-05-26 17:42:18,68871.3709
2024-05-26 17:48:17,68849.3515
2024-05-26 17:54:26,68801.6312
2024-05-26 18:00:52,68800.0016
2024-05-26 18:20:24,68731.7387
2024-05-26 18:30:30,68722.8749
2024-05-26 18:37:24,68749.8207
2024-05-26 18:43:42,68750.4995
2024-05-26 18:49:36,68787.7635
2024-05-26 18:55:53,68777.3739
2024-05-26 19:06:43,68819.4525
2024-05-26 19:16:16,68862.2288
2024-05-26 19:22:07,68869.99
2024-05-26 19:28:20,68840.9865
2024-05-26 19:35:33,68868.2248
2024-05-26 19:41:35,68871.5243
2024-05-26 19:47:35,68883.0067
2024-05-26 19:53:28,68853.0524
2024-05-26 19:59:31,68872.6037
2024-05-26 20:14:01,68844.5542
2024-05-26 20:23:21,68773.9968
2024-05-26 20:29:19,68765.1398
2024-05-26 20:37:14,68735.1168
2024-05-26 20:43:19,68706.4321
2024-05-26 20:49:30,68713.8732
2024-05-26 20:55:39,68710.696
2024-05-26 21:07:27,68641.4417
2024-05-26 21:19:44,68640.0593
2024-05-26 21:26:51,68595.1998
2024-05-26 21:34:36,68386.0841
2024-05-26 21:40:48,68354.496
2024-05-26 21:46:55,68322.8307
2024-05-26 21:53:09,68412.1827
2024-05-26 21:59:26,68460.7589
2024-05-26 22:12:44,68589.2089
2024-05-26 22:25:42,68632.9515
2024-05-26 22:31:52,68635.8545
2024-05-26 22:38:10,68628.3251
2024-05-26 22:44:12,68622.3358
2024-05-26 22:50:24,68576.6937
2024-05-26 22:56:23,68549.1762
2024-05-26 23:08:35,68483.2256
2024-05-26 23:22:39,68361.4123
2024-05-26 23:28:25,68368.8211
2024-05-26 23:35:21,68360.9109
2024-05-26 23:41:29,68403.2933
2024-05-26 23:47:40,68491.7722
2024-05-26 23:53:59,68526.0489
2024-05-27 00:00:17,68491.8726
2024-05-27 01:10:54,68747.4551
2024-05-27 02:05:22,69047.6778
2024-05-27 02:34:25,69052.1027
2024-05-27 02:45:22,69096.081
2024-05-27 02:51:43,69073.3468
2024-05-27 02:57:38,69081.089
2024-05-27 03:13:24,69058.5912
2024-05-27 03:28:52,68968.5808
2024-05-27 03:37:42,68932.6738
2024-05-27 03:43:42,68883.2163
2024-05-27 03:49:57,68877.7501
2024-05-27 03:55:54,68804.3212
2024-05-27 04:10:53,68783.1099
2024-05-27 04:27:39,68818.6727
2024-05-27 04:35:49,68779.553
2024-05-27 04:42:00,68794.9865
2024-05-27 04:48:12,68782.6846
2024-05-27 04:54:26,68742.9013
2024-05-27 05:01:15,68741.388
2024-05-27 05:17:14,68708.6461
2024-05-27 05:28:51,68490.3917
2024-05-27 05:35:19,68395.24
2024-05-27 05:41:25,68486.4768
2024-05-27 05:47:36,68531.0701
2024-05-27 05:53:54,68534.1396
2024-05-27 06:00:06,68466.9615
2024-05-27 06:22:46,68532.3491
2024-05-27 06:37:07,68489.4591
2024-05-27 06:43:35,68518.9022
2024-05-27 06:49:49,68444.8065
2024-05-27 06:55:49,68408.2095
2024-05-27 07:09:50,68446.9659
2024-05-27 07:22:00,68536.3842
2024-05-27 07:28:10,68537.4356
2024-05-27 07:35:14,68531.8508
2024-05-27 07:41:10,68599.8265
2024-05-27 07:47:11,68693.8646
2024-05-27 07:53:35,68671.9491
2024-05-27 07:59:40,68652.016
2024-05-27 08:19:10,68817.8209
2024-05-27 08:31:44,68782.6528
2024-05-27 08:39:58,68759.7792
2024-05-27 08:46:10,68674.0581
2024-05-27 08:52:19,68539.0239
2024-05-27 08:58:08,68659.1635
2024-05-27 09:13:23,68550.0307
2024-05-27 09:26:00,68563.9986
2024-05-27 09:33:04,68595.463
2024-05-27 09:39:13,68608.8584
2024-05-27 09:45:33,68598.7495
2024-05-27 09:51:40,68584.2069
2024-05-27 09:58:00,68571.3964
2024-05-27 10:12:48,68494.6241
2024-05-27 10:29:31,68435.1824
2024-05-27 10:37:17,68567.2542
2024-05-27 10:43:28,68556.1166
2024-05-27 10:49:47,68594.3678
2024-05-27 10:55:46,68635.1772
2024-05-27 11:07:58,68668.271
2024-05-27 11:19:13,68645.7667
2024-05-27 11:25:23,68603.8471
2024-05-27 11:31:53,68542.714
2024-05-27 11:38:22,68386.6352
2024-05-27 11:44:27,68383.2861
2024-05-27 11:50:39,68422.0111
2024-05-27 11:56:51,68491.5682
2024-05-27 12:18:01,68551.7526
2024-05-27 12:45:08,68677.5391
2024-05-27 12:58:51,68707.6129
2024-05-27 13:15:32,68943.3883
2024-05-27 13:26:43,68884.3837
2024-05-27 13:33:01,68759.7301
2024-05-27 13:39:03,68855.397
2024-05-27 13:44:58,68889.8412
2024-05-27 13:51:11,68934.516
2024-05-27 13:57:09,68932.6089
2024-05-27 14:10:03,68910.4603
2024-05-27 14:24:47,69081.857
2024-05-27 14:31:10,69151.7135
2024-05-27 14:37:13,69312.819
2024-05-27 14:43:39,69169.0726
2024-05-27 14:49:47,69159.6282
2024-05-27 14:55:44,69476.3024
2024-05-27 15:09:20,69805.2973
2024-05-27 15:23:57,69881.0599
2024-05-27 15:29:59,69786.335
2024-05-27 15:36:07,70156.12
2024-05-27 15:42:20,70416.5464
2024-05-27 15:48:33,70345.8786
2024-05-27 15:54:37,70270.0737
2024-05-27 16:06:40,70498.7246
2024-05-27 16:26:43,70502.7358
2024-05-27 16:37:43,70252.1518
2024-05-27 16:43:48,70272.6794
2024-05-27 16:50:01,70169.3067
2024-05-27 16:56:09,70129.9646
2024-05-27 17:07:27,70235.0897
2024-05-27 17:21:14,70149.7947
2024-05-27 17:29:01,70169.0098
2024-05-27 17:35:01,70205.9896
2024-05-27 17:41:31,70186.1924
2024-05-27 17:47:09,70127.9684
2024-05-27 17:52:58,70093.8924
2024-05-27 17:59:02,70193.3579
2024-05-27 18:17:52,70070.1609
2024-05-27 18:31:02,70007.059
2024-05-27 18:38:33,70008.1775
2024-05-27 18:44:42,69957.5237
2024-05-27 18:50:42,69884.6729
2024-05-27 18:56:42,69917.0929
2024-05-27 19:08:38,69981.7693
2024-05-27 19:17:31,69844.2924
2024-05-27 19:23:58,69886.114
2024-05-27 19:29:59,69893.1541
2024-05-27 19:36:07,69870.3818
2024-05-27 19:42:12,69791.145
2024-05-27 19:48:19,69445.3522
2024-05-27 19:54:17,69326.0035
2024-05-27 20:00:49,69138.2419
2024-05-27 20:17:05,69438.8933
2024-05-27 20:25:41,69548.4441
2024-05-27 20:32:12,69538.0377
2024-05-27 20:38:28,69633.4015
2024-05-27 20:44:22,69515.2331
2024-05-27 20:50:43,69527.8153
2024-05-27 20:56:51,69545.9598
2024-05-27 21:10:42,69572.0218
2024-05-27 21:24:09,69612.532
2024-05-27 21:30:17,69636.815
2024-05-27 21:37:36,69602.3542
2024-05-27 21:43:43,69624.1777
2024-05-27 21:49:50,69552.2743
2024-05-27 21:55:56,69666.8871
2024-05-27 22:07:21,69614.4917
2024-05-27 22:22:21,69586.3186
2024-05-27 22:29:40,69653.0139
2024-05-27 22:36:40,69622.3856
2024-05-27 22:42:41,69606.5033
2024-05-27 22:49:03,69529.708
2024-05-27 22:55:08,69505.2337
2024-05-27 23:07:06,69472.2608
2024-05-27 23:23:05,69392.8437
2024-05-27 23:29:07,69362.4896
2024-05-27 23:36:35,69325.0729
2024-05-27 23:42:26,69306.7863
2024-05-27 23:48:40,69355.7724
2024-05-27 23:54:46,69407.2039
2024-05-28 00:30:00,69224.9234
2024-05-28 01:40:06,69370.6253
2024-05-28 02:19:51,68628.518
2024-05-28 02:39:30,68648.5554
2024-05-28 02:46:24,68669.0039
2024-05-28 02:52:21,68644.1416
2024-05-28 02:58:45,68685.7558
2024-05-28 03:14:19,68415.8922
2024-05-28 03:29:18,68167.6413
2024-05-28 03:36:45,67813.3357
2024-05-28 03:42:35,67865.2155
2024-05-28 03:48:48,67832.8987
2024-05-28 03:54:59,68024.2559
2024-05-28 04:11:03,67970.5512
2024-05-28 04:28:24,67793.5402
2024-05-28 04:39:50,67712.3352
2024-05-28 04:46:08,67660.1298
2024-05-28 04:52:30,67711.7146
2024-05-28 04:58:29,67799.4705
2024-05-28 05:12:26,67819.1369
2024-05-28 05:26:47,67792.8844
2024-05-28 05:33:13,67809.6243
2024-05-28 05:39:13,67877.4549
2024-05-28 05:45:11,67910.6647
2024-05-28 05:51:32,67878.7315
2024-05-28 05:57:24,67953.9138
2024-05-28 06:15:00,67938.616
2024-05-28 06:31:20,67809.0583
2024-05-28 06:40:00,67859.2177
2024-05-28 06:46:10,68061.8275
2024-05-28 06:52:37,67979.6338
2024-05-28 06:58:25,67923.1839
2024-05-28 07:12:39,67899.2765
2024-05-28 07:22:24,67847.1204
2024-05-28 07:28:34,67817.2208
2024-05-28 07:35:08,67814.0418
2024-05-28 07:41:12,67804.8051
2024-05-28 07:47:10,67833.7205
2024-05-28 07:53:30,67697.2257
2024-05-28 07:59:39,67726.3314
2024-05-28 08:19:55,67892.758
2024-05-28 08:32:20,68014.1991
2024-05-28 08:40:45,68043.5072
2024-05-28 08:47:17,68184.4562
2024-05-28 08:53:30,68218.5356
2024-05-28 08:59:35,68201.2513
2024-05-28 09:15:17,68149.9441
2024-05-28 09:25:43,68106.9574
2024-05-28 09:32:14,68119.9131
2024-05-28 09:38:19,68155.9369
2024-05-28 09:44:33,68317.8798
2024-05-28 09:50:31,68382.8226
2024-05-28 09:56:37,68350.1474
2024-05-28 10:10:27,68398.6501
2024-05-28 10:28:36,68630.3807
2024-05-28 10:36:48,68509.9813
2024-05-28 10:42:55,68537.328
2024-05-28 10:49:10,68495.7341
2024-05-28 10:55:06,68588.0858
2024-05-28 11:04:40,68548.9353
2024-05-28 11:16:44,68586.0099
2024-05-28 11:23:21,68563.508
2024-05-28 11:29:34,68503.1353
2024-05-28 11:35:48,68415.5287
2024-05-28 11:42:01,68319.6652
2024-05-28 11:48:01,68401.9809
2024-05-28 11:54:19,68356.9479
2024-05-28 12:01:24,68367.7205
2024-05-28 12:30:23,68486.7332
2024-05-28 12:51:24,68412.7825
2024-05-28 13:01:41,68271.6071
2024-05-28 13:20:48,68284.8954
2024-05-28 13:28:08,68464.0313
2024-05-28 13:35:00,68190.9059
2024-05-28 13:41:10,68070.1444
2024-05-28 13:47:10,67873.3177
2024-05-28 13:53:11,67878.7797
2024-05-28 13:59:06,67751.8549
2024-05-28 14:12:52,68073.4871
2024-05-28 14:26:55,68205.1302
2024-05-28 14:33:39,68060.5995
2024-05-28 14:39:49,67995.9443
2024-05-28 14:45:59,67774.2643
2024-05-28 14:51:53,68079.3383
2024-05-28 14:58:08,67935.5796
2024-05-28 15:11:39,67922.5325
2024-05-28 15:24:26,67896.3184
2024-05-28 15:30:26,67965.7977
2024-05-28 15:37:36,68238.59
2024-05-28 15:43:32,68345.7114
2024-05-28 15:49:32,68345.6795
2024-05-28 15:55:30,68436.8001
2024-05-28 16:08:49,68263.58
2024-05-28 16:27:15,68100.5711
2024-05-28 16:37:18,67845.4163
2024-05-28 16:43:25,67779.6663
2024-05-28 16:49:40,67746.2054
2024-05-28 16:56:01,67820.4214
2024-05-28 17:07:58,67760.5049
2024-05-28 17:21:53,67976.8917
2024-05-28 17:28:25,67955.3809
2024-05-28 17:35:22,67993.1225
2024-05-28 17:41:23,68078.9137
2024-05-28 17:47:32,68020.5079
2024-05-28 17:53:52,67896.6598
2024-05-28 17:59:56,67777.9686
2024-05-28 18:20:23,67950.5937
2024-05-28 18:34:10,67850.7978
2024-05-28 18:40:43,67409.3122
2024-05-28 18:46:48,67584.4325
2024-05-28 18:53:06,67572.1122
2024-05-28 18:59:23,67846.7023
2024-05-28 19:11:55,68168.2181
2024-05-28 19:19:18,68303.6655
2024-05-28 19:25:30,68270.7685
2024-05-28 19:31:57,68311.0007
2024-05-28 19:37:55,68304.0922
2024-05-28 19:43:58,68344.8667
2024-05-28 19:50:06,68295.8424
2024-05-28 19:56:01,68480.6985
2024-05-28 20:09:28,68374.7227
2024-05-28 20:22:57,68402.7746
2024-05-28 20:29:05,68280.9126
2024-05-28 20:36:04,68355.3762
2024-05-28 20:42:11,68319.7575
2024-05-28 20:48:21,68171.0499
2024-05-28 20:54:36,68217.4167
2024-05-28 21:02:09,68263.1408
2024-05-28 21:18:43,68388.7683
2024-05-28 21:25:31,68345.9451
2024-05-28 21:31:53,68376.5607
2024-05-28 21:38:29,68385.7823
2024-05-28 21:44:25,68343.8442
2024-05-28 21:50:37,68368.1298
2024-05-28 21:56:49,68350.6679
2024-05-28 22:09:19,68560.4138
2024-05-28 22:25:03,68548.3391
2024-05-28 22:31:48,68592.0868
2024-05-28 22:37:52,68516.6687
2024-05-28 22:43:51,68505.6154
2024-05-28 22:49:52,68506.5489
2024-05-28 22:55:59,68551.2534
2024-05-28 23:09:02,68451.1329
2024-05-28 23:23:22,68393.1317
2024-05-28 23:29:25,68444.1491
2024-05-28 23:35:56,68408.1072
2024-05-28 23:41:56,68391.1211
2024-05-28 23:48:07,68415.9042
2024-05-28 23:54:10,68351.3535
2024-05-29 00:00:46,68378.3128
2024-05-29 01:15:50,68381.4263
2024-05-29 02:07:55,68431.4126
2024-05-29 02:36:24,68689.8648
2024-05-29 02:46:49,68624.3044
2024-05-29 02:52:53,68705.7
2024-05-29 02:58:48,68645.5534
2024-05-29 03:15:18,68782.7103
2024-05-29 03:27:45,68724.8408
2024-05-29 03:34:54,68689.6148
2024-05-29 03:41:10,68799.2052
2024-05-29 03:47:17,68754.1118
2024-05-29 03:53:18,68787.2965
2024-05-29 03:59:36,68741.4215
2024-05-29 04:19:07,68814.083
2024-05-29 04:32:03,68822.0399
2024-05-29 04:40:46,68838.0358
2024-05-29 04:47:03,68817.3665
2024-05-29 04:53:20,68773.3737
2024-05-29 04:59:36,68795.699
2024-05-29 05:15:15,68563.1813
2024-05-29 05:28:28,68632.1632
2024-05-29 05:35:47,68665.3493
2024-05-29 05:41:59,68695.5529
2024-05-29 05:48:06,68656.029
2024-05-29 05:54:23,68643.7163
2024-05-29 06:08:32,68575.8747
2024-05-29 06:29:04,68592.9766
2024-05-29 06:38:19,68542.7151
2024-05-29 06:44:16,68480.702
2024-05-29 06:50:39,68429.0972
2024-05-29 06:56:34,68447.9796
2024-05-29 07:09:28,68244.604
2024-05-29 07:20:37,68295.7286
2024-05-29 07:26:54,68142.366
2024-05-29 07:35:10,68188.7647
2024-05-29 07:41:29,68169.2776
2024-05-29 07:47:48,68067.0905
2024-05-29 07:53:59,68103.0508
2024-05-29 08:00:12,67934.6419
2024-05-29 08:20:57,67753.8895
2024-05-29 08:32:44,67943.2103
2024-05-29 08:41:09,67840.068
2024-05-29 08:47:17,67859.9659
2024-05-29 08:53:12,67929.627
2024-05-29 08:59:06,67869.8207
2024-05-29 09:16:15,67950.8167
2024-05-29 09:28:22,67739.9876
2024-05-29 09:35:08,67665.2822
2024-05-29 09:41:16,67806.1258
2024-05-29 09:47:28,67791.0633
2024-05-29 09:53:44,67764.7398
2024-05-29 09:59:58,67802.0539
2024-05-29 10:17:33,67905.5153
2024-05-29 10:32:18,67930.8254
2024-05-29 10:40:04,67917.1675
2024-05-29 10:46:21,67903.7952
2024-05-29 10:52:35,67944.3156
2024-05-29 10:58:28,67971.9028
2024-05-29 11:11:19,67852.2529
2024-05-29 11:20:15,67916.6203
2024-05-29 11:26:33,67885.1072
2024-05-29 11:33:26,67869.5052
2024-05-29 11:39:36,67826.0751
2024-05-29 11:45:36,67879.8341
2024-05-29 11:51:55,67819.4647
2024-05-29 11:57:53,67788.2143
2024-05-29 12:21:57,67921.1462
2024-05-29 12:46:44,67736.0085
2024-05-29 12:59:39,67864.469
2024-05-29 13:16:47,68196.5658
2024-05-29 13:27:22,67856.9706
2024-05-29 13:35:23,67749.1517
2024-05-29 13:41:35,67903.301
2024-05-29 13:47:46,67786.6123
2024-05-29 13:53:58,67849.2603
2024-05-29 14:00:11,67926.3298
2024-05-29 14:15:12,67928.6217
2024-05-29 14:28:05,67903.9636
2024-05-29 14:35:16,67792.6177
2024-05-29 14:41:24,67841.2771
2024-05-29 14:47:38,67789.0937
2024-05-29 14:53:55,67760.684
2024-05-29 15:00:13,67710.0319
2024-05-29 15:17:49,67625.8438
2024-05-29 15:27:53,67846.4843
2024-05-29 15:35:35,67422.6702
2024-05-29 15:41:38,67410.2216
2024-05-29 15:47:45,67515.763
2024-05-29 15:53:53,67427.6538
2024-05-29 16:00:07,67404.1005
2024-05-29 16:19:53,67395.8923
2024-05-29 16:33:52,67440.2505
2024-05-29 16:42:34,67519.6596
2024-05-29 16:48:31,67545.6255
2024-05-29 16:54:55,67604.749
2024-05-29 17:04:52,67468.8985
2024-05-29 17:20:34,67408.6624
2024-05-29 17:30:28,67595.2822
2024-05-29 17:36:37,67615.8532
2024-05-29 17:42:49,67556.5543
2024-05-29 17:49:00,67334.5528
2024-05-29 17:55:04,67528.0047
2024-05-29 18:08:28,67490.7624
2024-05-29 18:27:44,67306.8728
2024-05-29 18:36:10,67357.556
2024-05-29 18:42:10,67390.5353
2024-05-29 18:48:25,67437.3441
2024-05-29 18:54:38,67361.7635
2024-05-29 19:01:11,67360.9834
2024-05-29 19:14:15,67499.7633
2024-05-29 19:20:18,67515.1641
2024-05-29 19:26:16,67624.2052
2024-05-29 19:32:35,67572.715
2024-05-29 19:38:49,67505.6683
2024-05-29 19:44:57,67359.397
2024-05-29 19:51:06,67354.1999
2024-05-29 19:57:15,67318.5465
2024-05-29 20:11:21,67229.4882
2024-05-29 20:24:12,67249.0439
2024-05-29 20:30:25,67285.7703
2024-05-29 20:36:50,67349.2324
2024-05-29 20:43:04,67361.7504
2024-05-29 20:49:21,67399.1819
2024-05-29 20:55:29,67369.1408
2024-05-29 21:06:47,67434.5074
2024-05-29 21:19:30,67431.9891
2024-05-29 21:25:22,67466.4816
2024-05-29 21:32:02,67407.4151
2024-05-29 21:38:22,67529.6964
2024-05-29 21:44:23,67558.5418
2024-05-29 21:50:35,67644.4095
2024-05-29 21:56:28,67707.2299
2024-05-29 22:08:59,67569.2938
2024-05-29 22:26:33,67713.889
2024-05-29 22:34:19,67672.1243
2024-05-29 22:40:12,67698.2411
2024-05-29 22:46:31,67655.0444
2024-05-29 22:52:40,67618.0466
2024-05-29 22:59:04,67655.5206
2024-05-29 23:13:06,67596.1227
2024-05-29 23:23:37,67686.125
2024-05-29 23:29:46,67675.8537
2024-05-29 23:38:56,67553.0725
2024-05-29 23:44:58,67600.2744
2024-05-29 23:51:16,67582.6139
2024-05-29 23:57:11,67585.3698
2024-05-30 00:48:01,67700.5643
2024-05-30 01:45:48,67669.0756
2024-05-30 02:21:20,67961.4141
2024-05-30 02:41:05,67998.6945
2024-05-30 02:48:57,67981.4349
2024-05-30 02:54:58,67942.4689
2024-05-30 03:07:25,67915.0644
2024-05-30 03:24:40,67944.9364
2024-05-30 03:31:02,67963.193
2024-05-30 03:37:21,67979.9341
2024-05-30 03:43:39,67980.0004
2024-05-30 03:49:51,68014.1597
2024-05-30 03:55:49,68059.854
2024-05-30 04:12:14,67956.4574
2024-05-30 04:31:22,68180.1345
2024-05-30 04:41:08,68216.2703
2024-05-30 04:47:01,68125.2742
2024-05-30 04:53:29,68122.2625
2024-05-30 04:59:24,68120.091
2024-05-30 05:14:00,68032.9937
2024-05-30 05:27:30,68055.8907
2024-05-30 05:33:53,68032.3715
2024-05-30 05:39:52,68042.9879
2024-05-30 05:45:50,68060.766
2024-05-30 05:52:29,68093.8579
2024-05-30 05:58:08,68070.4182
2024-05-30 06:16:43,67933.5934
2024-05-30 06:31:57,67792.8504
2024-05-30 06:41:18,67815.4369
2024-05-30 06:47:40,67940.6119
2024-05-30 06:53:49,67814.1977
2024-05-30 06:59:45,67783.9439
2024-05-30 07:14:48,67841.3693
2024-05-30 07:23:02,67708.4488
2024-05-30 07:28:58,67737.2572
2024-05-30 07:36:22,67816.2314
2024-05-30 07:42:18,67913.9378
2024-05-30 07:48:32,67942.7454
2024-05-30 07:54:51,67591.6637
2024-05-30 08:09:38,67355.4095
2024-05-30 08:27:30,67325.054
2024-05-30 08:35:58,67483.3437
2024-05-30 08:42:03,67538.1797
2024-05-30 08:48:17,67545.7948
2024-05-30 08:54:37,67571.1336
2024-05-30 09:07:05,67581.5267
2024-05-30 09:23:10,67664.0789
2024-05-30 09:29:14,67602.4556
2024-05-30 09:35:47,67604.4123
2024-05-30 09:42:09,67561.7647
2024-05-30 09:48:18,67657.2913
2024-05-30 09:54:29,67668.9035
2024-05-30 10:06:44,67688.0725
2024-05-30 10:25:29,67691.9416
2024-05-30 10:34:47,67794.6261
2024-05-30 10:40:50,67847.7655
2024-05-30 10:47:08,68002.1269
2024-05-30 10:53:18,67883.3334
2024-05-30 10:59:18,67960.1248
2024-05-30 11:11:46,67931.3913
2024-05-30 11:20:56,67921.1632
2024-05-30 11:26:42,67965.9277
2024-05-30 11:34:26,68081.8993
2024-05-30 11:40:28,67989.7372
2024-05-30 11:46:40,67948.4723
2024-05-30 11:52:53,67880.9153
2024-05-30 11:59:10,67827.08
2024-05-30 12:26:37,68058.762
2024-05-30 12:48:50,68277.2286
2024-05-30 13:00:11,68140.6974
2024-05-30 13:17:31,68346.0224
2024-05-30 13:26:32,68293.5508
2024-05-30 13:33:01,68278.1735
2024-05-30 13:38:53,68130.4386
2024-05-30 13:45:16,68306.1676
2024-05-30 13:51:37,68625.755
2024-05-30 13:57:40,68624.7729
2024-05-30 14:11:45,68680.9327
2024-05-30 14:26:51,68726.7137
2024-05-30 14:33:53,68732.8451
2024-05-30 14:40:10,68555.363
2024-05-30 14:46:11,68585.3027
2024-05-30 14:52:37,68424.2662
2024-05-30 14:58:39,68386.6453
2024-05-30 15:14:08,68271.652
2024-05-30 15:26:04,68350.1004
2024-05-30 15:32:37,68554.2007
2024-05-30 15:38:31,68514.2444
2024-05-30 15:44:33,68444.1111
2024-05-30 15:50:40,68614.2517
2024-05-30 15:56:35,68630.2819
2024-05-30 16:11:48,68605.5801
2024-05-30 16:29:25,68517.6986
2024-05-30 16:38:41,68488.0606
2024-05-30 16:44:36,68475.6965
2024-05-30 16:50:35,68621.4179
2024-05-30 16:56:51,68610.9422
2024-05-30 17:08:52,68739.3775
2024-05-30 17:22:54,68856.4016
2024-05-30 17:28:53,69015.6798
2024-05-30 17:35:19,69158.5959
2024-05-30 17:41:33,69369.6985
2024-05-30 17:47:37,69376.5221
2024-05-30 17:53:54,69480.5631
2024-05-30 18:00:08,69370.0851
2024-05-30 18:22:00,69297.874
2024-05-30 18:35:30,69250.0534
2024-05-30 18:42:13,69218.9953
2024-05-30 18:48:30,69257.6018
2024-05-30 18:54:43,69303.8157
2024-05-30 19:01:45,69346.0074
2024-05-30 19:16:32,69244.2129
2024-05-30 19:23:11,69215.2318
2024-05-30 19:29:06,68962.9419
2024-05-30 19:35:10,69012.9797
2024-05-30 19:41:21,68740.2728
2024-05-30 19:47:29,68699.8058
2024-05-30 19:53:34,68552.5113
2024-05-30 19:59:41,68641.6394
2024-05-30 20:16:54,68148.4731
2024-05-30 20:26:38,68441.0197
2024-05-30 20:33:10,68425.6864
2024-05-30 20:39:21,68454.8192
2024-05-30 20:45:41,68506.5064
2024-05-30 20:51:40,68490.8292
2024-05-30 20:57:43,68455.9286
2024-05-30 21:12:09,68453.9344
2024-05-30 21:23:34,68336.5882
2024-05-30 21:29:26,68379.1541
2024-05-30 21:35:48,68450.7571
2024-05-30 21:42:03,68456.4152
2024-05-30 21:48:16,68369.4979
2024-05-30 21:54:28,68465.5295
2024-05-30 22:01:38,68415.073
2024-05-30 22:17:54,68273.5357
2024-05-30 22:29:19,68366.2234
2024-05-30 22:35:35,68323.0168
2024-05-30 22:41:53,68353.5042
2024-05-30 22:48:02,68364.9724
2024-05-30 22:54:03,68319.6664
2024-05-30 23:00:17,68289.0124
2024-05-30 23:16:00,68367.2401
2024-05-30 23:24:53,68492.604
2024-05-30 23:31:12,68470.4332
2024-05-30 23:38:17,68436.451
2024-05-30 23:44:29,68382.6682
2024-05-30 23:50:42,68402.4587
2024-05-30 23:57:02,68412.8926
2024-05-31 00:48:38,68339.9176
2024-05-31 01:46:01,68486.0586
2024-05-31 02:21:10,68740.4308
2024-05-31 02:40:25,68548.6259
2024-05-31 02:46:45,68543.0578
2024-05-31 02:52:46,68510.5496
2024-05-31 02:58:57,68525.6014
2024-05-31 03:15:09,68515.9001
2024-05-31 03:27:26,68500.9074
2024-05-31 03:34:25,68481.8661
2024-05-31 03:40:26,68513.0386
2024-05-31 03:46:36,68578.1336
2024-05-31 03:52:51,68591.0311
2024-05-31 03:59:05,68501.2071
2024-05-31 04:18:14,68587.208
2024-05-31 04:31:29,68501.1122
2024-05-31 04:40:14,68512.0078
2024-05-31 04:46:20,68549.7462
2024-05-31 04:52:40,68547.1154
2024-05-31 04:58:28,68517.7182
2024-05-31 05:15:03,68465.8093
2024-05-31 05:29:40,68367.3843
2024-05-31 05:37:21,68317.4604
2024-05-31 05:43:20,68395.15
2024-05-31 05:49:42,68406.2344
2024-05-31 05:55:51,68429.2155
2024-05-31 06:11:46,68413.7895
2024-05-31 06:30:12,68378.322
2024-05-31 06:39:33,68340.8097
2024-05-31 06:45:26,68343.3741
2024-05-31 06:51:41,68273.828
2024-05-31 06:57:53,68243.9507
2024-05-31 07:10:25,68294.1129
2024-05-31 07:22:13,68382.6052
2024-05-31 07:28:04,68354.4185
2024-05-31 07:35:30,68327.6035
2024-05-31 07:41:28,68246.9591
2024-05-31 07:47:43,68180.7985
2024-05-31 07:53:38,68110.8821
2024-05-31 07:59:49,68170.0415
2024-05-31 08:19:33,68317.271
2024-05-31 08:31:30,68217.6234
2024-05-31 08:39:19,68181.0105
2024-05-31 08:45:12,68248.2157
2024-05-31 08:51:28,68187.7231
2024-05-31 08:57:43,68123.446
2024-05-31 09:13:20,68129.1676
2024-05-31 09:26:55,67887.9538
2024-05-31 09:33:07,67906.0964
2024-05-31 09:39:00,67938.126
2024-05-31 09:44:55,67983.7803
2024-05-31 09:50:51,67957.6774
2024-05-31 09:57:00,67886.3832
2024-05-31 10:11:16,68134.2449
2024-05-31 10:27:56,68103.2216
2024-05-31 10:35:36,68146.809
2024-05-31 10:41:46,68237.8638
2024-05-31 10:48:04,68201.1663
2024-05-31 10:54:02,68206.8741
2024-05-31 11:00:02,68318.1472
2024-05-31 11:13:30,68378.1492
2024-05-31 11:21:13,68353.2048
2024-05-31 11:27:28,68336.5189
2024-05-31 11:35:30,68355.8056
2024-05-31 11:41:20,68410.7965
2024-05-31 11:47:36,68370.6792
2024-05-31 11:53:34,68395.9844
2024-05-31 11:59:47,68345.6242
2024-05-31 12:28:24,68534.6114
2024-05-31 12:50:01,68739.1602
2024-05-31 13:00:45,68578.912
2024-05-31 13:18:16,68605.8651
2024-05-31 13:26:51,68715.1551
2024-05-31 13:33:45,68360.719
2024-05-31 13:39:42,68498.0521
2024-05-31 13:45:52,68460.1655
2024-05-31 13:52:15,68343.5651
2024-05-31 13:58:10,68171.4098
2024-05-31 14:11:28,67998.0993
2024-05-31 14:25:13,67828.8609
2024-05-31 14:31:33,67735.6385
2024-05-31 14:37:51,67803.4203
2024-05-31 14:43:51,67456.2742
2024-05-31 14:50:04,67509.4397
2024-05-31 14:56:07,67537.3607
2024-05-31 15:08:38,67428.2174
2024-05-31 15:24:29,67523.7859
2024-05-31 15:30:36,67565.6705
2024-05-31 15:36:37,67462.1867
2024-05-31 15:42:45,67402.9579
2024-05-31 15:49:03,67368.9366
2024-05-31 15:55:17,67377.8351
2024-05-31 16:08:26,67035.3336
2024-05-31 16:28:42,67045.5202
2024-05-31 16:38:54,67001.0771
2024-05-31 16:44:55,66963.1031
2024-05-31 16:51:22,67081.3311
2024-05-31 16:57:22,67175.7193
2024-05-31 17:10:15,67330.7675
2024-05-31 17:26:12,67392.237
2024-05-31 17:33:26,67409.4935
2024-05-31 17:39:35,67343.6024
2024-05-31 17:45:28,67328.1571
2024-05-31 17:51:44,67392.0451
2024-05-31 17:58:02,67340.4363
2024-05-31 18:15:35,67430.0643
2024-05-31 18:30:15,67298.166
2024-05-31 18:38:10,67326.6383
2024-05-31 18:44:16,67369.9045
2024-05-31 18:50:14,67392.957
2024-05-31 18:56:10,67364.7715
2024-05-31 19:07:52,67382.3478
2024-05-31 19:17:54,67386.089
2024-05-31 19:23:55,67402.1211
2024-05-31 19:30:00,67540.3085
2024-05-31 19:36:20,67568.0661
2024-05-31 19:42:42,67737.2734
2024-05-31 19:48:52,67734.0446
2024-05-31 19:55:01,67884.3293
2024-05-31 20:07:01,67649.5031
2024-05-31 20:21:33,67656.0261
2024-05-31 20:27:28,67634.0433
2024-05-31 20:34:29,67684.0815
2024-05-31 20:40:23,67672.8532
2024-05-31 20:46:32,67707.5259
2024-05-31 20:52:49,67708.528
2024-05-31 20:58:58,67696.993
2024-05-31 21:13:08,67663.2406
2024-05-31 21:24:03,67617.2924
2024-05-31 21:30:05,67616.1828
2024-05-31 21:36:18,67573.3707
2024-05-31 21:42:14,67558.23
2024-05-31 21:48:30,67517.5525
2024-05-31 21:54:25,67581.6315
2024-05-31 22:01:31,67598.5222
2024-05-31 22:16:48,67609.1987
2024-05-31 22:28:34,67633.8714
2024-05-31 22:34:50,67661.7098
2024-05-31 22:41:03,67649.9166
2024-05-31 22:47:15,67661.9733
2024-05-31 22:53:11,67636.5583
2024-05-31 22:59:31,67609.9779
2024-05-31 23:14:18,67472.6643
2024-05-31 23:24:24,67315.9709
2024-05-31 23:30:29,67253.0382
2024-05-31 23:36:54,67352.1697
2024-05-31 23:43:01,67394.8272
2024-05-31 23:49:16,67539.5967
2024-05-31 23:55:22,67580.1667
2024-06-01 00:37:05,67554.4008
2024-06-01 01:46:24,67533.8872
2024-06-01 02:23:20,67664.6134
2024-06-01 02:44:37,67692.1461
2024-06-01 02:52:27,67730.1975
2024-06-01 02:58:34,67733.2614
2024-06-01 03:16:07,67679.008
2024-06-01 03:30:06,67671.6257
2024-06-01 03:37:30,67741.9626
2024-06-01 03:43:48,67757.2364
2024-06-01 03:49:51,67735.6145
2024-06-01 03:55:44,67698.2712
2024-06-01 04:09:28,67778.1705
2024-06-01 04:26:02,67694.0216
2024-06-01 04:33:43,67708.8215
2024-06-01 04:39:46,67742.0035
2024-06-01 04:45:47,67705.916
2024-06-01 04:51:50,67740.8989
2024-06-01 04:57:52,67719.1612
2024-06-01 05:12:48,67644.7651
2024-06-01 05:28:34,67638.7856
2024-06-01 05:36:07,67673.6793
2024-06-01 05:42:17,67752.3273
2024-06-01 05:48:32,67745.3208
2024-06-01 05:54:34,67711.3559
2024-06-01 06:07:39,67714.9987
2024-06-01 06:27:50,67662.9996
2024-06-01 06:36:37,67653.9639
2024-06-01 06:42:48,67667.6936
2024-06-01 06:49:04,67687.4283
2024-06-01 06:55:03,67702.5762
2024-06-01 07:05:06,67682.0058
2024-06-01 07:18:31,67658.5288
2024-06-01 07:24:22,67651.4778
2024-06-01 07:30:47,67628.6478
2024-06-01 07:36:52,67607.6548
2024-06-01 07:42:49,67646.3864
2024-06-01 07:48:44,67699.3176
2024-06-01 07:55:01,67697.3139
2024-06-01 08:08:06,67654.7598
2024-06-01 08:25:27,67649.109
2024-06-01 08:32:53,67660.1604
2024-06-01 08:39:07,67661.5851
2024-06-01 08:45:06,67742.9809
2024-06-01 08:51:21,67686.1494
2024-06-01 08:57:21,67727.8842
2024-06-01 09:12:58,67740.3263
2024-06-01 09:25:52,67705.3588
2024-06-01 09:32:12,67679.9267
2024-06-01 09:38:07,67702.5927
2024-06-01 09:44:11,67715.5579
2024-06-01 09:50:09,67679.8703
2024-06-01 09:56:02,67724.2459
2024-06-01 10:09:04,67731.5854
2024-06-01 10:27:54,67693.5054
2024-06-01 10:36:10,67723.9752
2024-06-01 10:42:06,67690.8202
2024-06-01 10:48:19,67672.3105
2024-06-01 10:54:27,67686.187
2024-06-01 11:00:59,67657.0972
2024-06-01 11:17:22,67702.175
2024-06-01 11:25:06,67679.2568
2024-06-01 11:32:58,67709.7009
2024-06-01 11:39:30,67697.7795
2024-06-01 11:45:49,67703.6303
2024-06-01 11:51:23,67684.5816
2024-06-01 11:57:20,67686.1626
2024-06-01 12:18:52,67700.8493
2024-06-01 12:43:36,67748.0914
2024-06-01 12:55:30,67782.3783
2024-06-01 13:07:13,67801.8052
2024-06-01 13:21:12,67844.5198
2024-06-01 13:27:08,67847.6869
2024-06-01 13:33:58,67810.683
2024-06-01 13:39:53,67819.3162
2024-06-01 13:46:16,67778.9724
2024-06-01 13:52:28,67785.9409
2024-06-01 13:58:22,67745.9125
2024-06-01 14:11:28,67780.1819
2024-06-01 14:26:09,67820.8169
2024-06-01 14:32:39,67822.3922
2024-06-01 14:38:39,67872.9356
2024-06-01 14:44:33,67821.9552
2024-06-01 14:50:51,67793.3824
2024-06-01 14:56:48,67817.1112
2024-06-01 15:09:10,67806.0707
2024-06-01 15:21:43,67829.3043
2024-06-01 15:28:00,67803.8485
2024-06-01 15:34:47,67800.7935
2024-06-01 15:40:34,67803.4561
2024-06-01 15:46:41,67776.2384
2024-06-01 15:52:49,67788.5591
2024-06-01 15:59:11,67704.0277
2024-06-01 16:15:44,67704.4642
2024-06-01 16:29:33,67736.3449
2024-06-01 16:37:30,67703.6341
2024-06-01 16:43:19,67706.3357
2024-06-01 16:49:33,67681.2907
2024-06-01 16:55:44,67725.4425
2024-06-01 17:07:32,67647.5143
2024-06-01 17:21:51,67687.7058
2024-06-01 17:28:45,67682.6295
2024-06-01 17:34:56,67689.6733
2024-06-01 17:41:17,67681.6001
2024-06-01 17:47:16,67587.9661
2024-06-01 17:53:10,67709.283
2024-06-01 17:59:13,67858.8346
2024-06-01 18:17:27,67754.8083
2024-06-01 18:30:22,67752.7949
2024-06-01 18:37:25,67753.937
2024-06-01 18:43:37,67777.3871
2024-06-01 18:49:51,67775.62
2024-06-01 18:55:47,67763.8944
2024-06-01 19:08:26,67764.3327
2024-06-01 19:19:50,67719.3834
2024-06-01 19:25:52,67747.0291
2024-06-01 19:32:18,67760.9972
2024-06-01 19:38:22,67745.7555
2024-06-01 19:44:17,67803.0023
2024-06-01 19:50:28,67764.7892
2024-06-01 19:56:25,67782.4771
2024-06-01 20:08:51,67783.391
2024-06-01 20:21:03,67734.224
2024-06-01 20:27:19,67747.9008
2024-06-01 20:34:18,67770.4696
2024-06-01 20:40:12,67777.3433
2024-06-01 20:46:24,67788.8553
2024-06-01 20:52:35,67766.7485
2024-06-01 20:58:28,67811.7119
2024-06-01 21:12:25,67763.4911
2024-06-01 21:22:56,67767.0228
2024-06-01 21:29:13,67796.9741
2024-06-01 21:35:58,67784.0653
2024-06-01 21:42:04,67822.9789
2024-06-01 21:48:18,67832.7736
2024-06-01 21:54:19,67761.3806
2024-06-01 22:00:52,67770.836
2024-06-01 22:14:44,67807.703
2024-06-01 22:27:22,67884.3438
2024-06-01 22:34:06,67786.7628
2024-06-01 22:40:04,67806.9781
2024-06-01 22:46:08,67790.9411
2024-06-01 22:52:22,67798.8963
2024-06-01 22:58:38,67786.341
2024-06-01 23:14:07,67802.4204
2024-06-01 23:25:07,67801.9028
2024-06-01 23:31:14,67759.4033
2024-06-01 23:38:31,67766.7313
2024-06-01 23:44:34,67750.8262
2024-06-01 23:50:41,67752.7316
2024-06-01 23:56:37,67766.8846
2024-06-02 00:47:10,67814.3878
2024-06-02 01:48:56,67820.5898
2024-06-02 02:25:03,67826.9904
2024-06-02 02:43:28,67762.3767
2024-06-02 02:50:09,67685.7524
2024-06-02 02:56:05,67715.4872
2024-06-02 03:10:21,67793.7589
2024-06-02 03:25:45,67807.7083
2024-06-02 03:32:22,67799.7168
2024-06-02 03:38:31,67804.7403
2024-06-02 03:44:44,67809.0283
2024-06-02 03:50:57,67809.2097
2024-06-02 03:56:49,67797.8711
2024-06-02 04:11:14,67762.1881
2024-06-02 04:28:25,67804.6627
2024-06-02 04:36:23,67833.484
2024-06-02 04:42:28,67845.0163
2024-06-02 04:48:46,67816.1172
2024-06-02 04:55:00,67851.7842
2024-06-02 05:06:38,67873.0119
2024-06-02 05:22:26,67804.2749
2024-06-02 05:29:44,67802.5389
2024-06-02 05:35:47,67798.0609
2024-06-02 05:42:08,67753.378
2024-06-02 05:48:09,67772.7383
2024-06-02 05:54:20,67790.2648
2024-06-02 06:00:53,67745.7605
2024-06-02 06:23:26,67796.3758
2024-06-02 06:34:51,67815.5342
2024-06-02 06:41:24,67815.6457
2024-06-02 06:47:45,67819.7613
2024-06-02 06:53:51,67815.0387
2024-06-02 07:00:00,67841.3423
2024-06-02 07:14:37,67809.13
2024-06-02 07:24:29,67755.5207
2024-06-02 07:30:48,67755.1613
2024-06-02 07:36:36,67736.3094
2024-06-02 07:42:31,67744.5712
2024-06-02 07:48:39,67762.1997
2024-06-02 07:54:48,67777.5712
2024-06-02 08:07:20,67766.0797
2024-06-02 08:24:19,67762.8624
2024-06-02 08:31:47,67775.0976
2024-06-02 08:38:33,67788.9755
2024-06-02 08:44:33,67812.6028
2024-06-02 08:50:27,67775.6313
2024-06-02 08:56:38,67761.274
2024-06-02 09:10:20,67756.1919
2024-06-02 09:22:40,67648.1153
2024-06-02 09:28:42,67647.3393
2024-06-02 09:35:29,67607.8606
2024-06-02 09:41:22,67506.4485
2024-06-02 09:47:33,67459.8412
2024-06-02 09:53:24,67519.7495
2024-06-02 09:59:41,67545.1632
2024-06-02 10:14:37,67528.2158
2024-06-02 10:29:21,67515.0124
2024-06-02 10:36:13,67514.5195
2024-06-02 10:42:24,67525.9691
2024-06-02 10:48:35,67546.3177
2024-06-02 10:54:33,67486.2783
2024-06-02 11:01:15,67573.9683
2024-06-02 11:15:23,67576.3298
2024-06-02 11:22:23,67566.9595
2024-06-02 11:28:33,67623.729
2024-06-02 11:35:53,67659.4361
2024-06-02 11:42:10,67710.6199
2024-06-02 11:48:17,67849.982
2024-06-02 11:54:21,68180.8111
2024-06-02 12:09:02,68127.0296
2024-06-02 12:37:01,68104.1246
2024-06-02 12:52:02,68031.0491
2024-06-02 12:59:43,67960.7168
2024-06-02 13:14:58,67966.9146
2024-06-02 13:24:00,68070.1766
2024-06-02 13:30:21,68096.8469
2024-06-02 13:36:30,68022.8072
2024-06-02 13:42:23,68063.526
2024-06-02 13:48:45,68088.34
2024-06-02 13:54:51,68210.754
2024-06-02 14:02:47,68180.0017
2024-06-02 14:16:56,68122.2475
2024-06-02 14:26:52,68278.251
2024-06-02 14:33:04,68418.9836
2024-06-02 14:39:10,68347.1661
2024-06-02 14:45:30,68185.6784
2024-06-02 14:51:43,68169.5974
2024-06-02 14:57:40,68248.8652
2024-06-02 15:10:28,68162.0158
2024-06-02 15:22:18,68065.0744
2024-06-02 15:28:30,68110.8066
2024-06-02 15:36:19,68123.7989
2024-06-02 15:42:09,68109.975
2024-06-02 15:48:30,68145.5973
2024-06-02 15:54:44,68132.7178
2024-06-02 16:07:22,68191.3831
2024-06-02 16:25:39,68050.2254
2024-06-02 16:35:02,68102.5592
2024-06-02 16:41:12,68113.2883
2024-06-02 16:47:08,68096.4807
2024-06-02 16:53:01,68095.5608
2024-06-02 16:58:56,68109.877
2024-06-02 17:12:21,68023.0181
2024-06-02 17:25:58,67977.8651
2024-06-02 17:32:14,67893.2355
2024-06-02 17:38:24,67955.504
2024-06-02 17:44:39,68040.6444
2024-06-02 17:50:51,67917.9131
2024-06-02 17:56:52,67923.5124
2024-06-02 18:13:28,67712.1868
2024-06-02 18:29:30,67630.0083
2024-06-02 18:37:12,67647.1835
2024-06-02 18:43:05,67718.3506
2024-06-02 18:49:13,67731.1625
2024-06-02 18:55:17,67727.4827
2024-06-02 19:03:59,67732.1798
2024-06-02 19:15:21,67636.3723
2024-06-02 19:21:21,67474.615
2024-06-02 19:27:32,67562.4688
2024-06-02 19:34:20,67664.4483
2024-06-02 19:40:34,67702.2448
2024-06-02 19:46:44,67747.073
2024-06-02 19:52:51,67787.0318
2024-06-02 19:59:08,67782.0436
2024-06-02 20:13:23,67705.3394
2024-06-02 20:23:30,67655.3292
2024-06-02 20:29:27,67716.9993
2024-06-02 20:36:15,67703.6936
2024-06-02 20:42:18,67710.3627
2024-06-02 20:48:16,67717.4647
2024-06-02 20:54:24,67785.4069
2024-06-02 21:00:52,67810.6244
2024-06-02 21:15:46,67851.2395
2024-06-02 21:24:42,67838.7566
2024-06-02 21:30:57,67828.9986
2024-06-02 21:37:05,67795.0922
2024-06-02 21:42:58,67793.1847
2024-06-02 21:49:10,67832.71
2024-06-02 21:55:14,67803.9685
2024-06-02 22:06:08,67836.3403
2024-06-02 22:22:07,67888.0817
2024-06-02 22:30:38,67955.7145
2024-06-02 22:36:27,67945.7175
2024-06-02 22:42:48,67890.2279
2024-06-02 22:48:57,67886.0627
2024-06-02 22:55:08,67877.6224
2024-06-02 23:06:44,67923.971
2024-06-02 23:21:37,67873.5168
2024-06-02 23:27:36,67877.1305
2024-06-02 23:35:48,67859.0005
2024-06-02 23:41:52,67857.3845
2024-06-02 23:48:05,67823.1194
2024-06-02 23:54:02,67793.5371
2024-06-03 00:00:17,67765.5221
2024-06-03 01:12:11,68104.5201
2024-06-03 02:10:57,68627.9064
2024-06-03 02:36:12,68492.8117
2024-06-03 02:46:57,68455.3945
2024-06-03 02:53:13,68493.5587
2024-06-03 02:59:11,68429.2649
2024-06-03 03:16:17,68325.4978
2024-06-03 03:29:25,68326.1544
2024-06-03 03:36:39,68408.8239
2024-06-03 03:42:39,68401.5006
2024-06-03 03:48:50,68496.0143
2024-06-03 03:54:53,68362.7834
2024-06-03 04:10:32,68349.1853
2024-06-03 04:28:54,68334.5381
2024-06-03 04:37:37,68441.2982
2024-06-03 04:43:37,68405.7856
2024-06-03 04:49:39,68466.5869
2024-06-03 04:55:35,68568.0419
2024-06-03 05:09:03,68422.2774
2024-06-03 05:26:48,68578.2591
2024-06-03 05:34:54,68675.7759
2024-06-03 05:41:04,68706.1055
2024-06-03 05:47:22,68707.7218
2024-06-03 05:53:34,68615.7624
2024-06-03 05:59:56,68686.0865
2024-06-03 06:21:31,68785.369
2024-06-03 06:35:16,69012.0597
2024-06-03 06:42:17,69200.1555
2024-06-03 06:48:27,69083.3322
2024-06-03 06:54:34,69064.9745
2024-06-03 07:06:31,69061.9936
2024-06-03 07:19:44,69101.4856
2024-06-03 07:25:43,68889.2875
2024-06-03 07:32:31,68871.247
2024-06-03 07:38:24,68946.2595
2024-06-03 07:44:21,68927.6778
2024-06-03 07:50:22,68889.4417
2024-06-03 07:56:18,68903.8132
2024-06-03 08:13:02,69118.341
2024-06-03 08:29:22,69334.0298
2024-06-03 08:37:54,69323.2721
2024-06-03 08:43:52,69336.0172
2024-06-03 08:50:09,69169.1225
2024-06-03 08:56:25,69212.5069
2024-06-03 09:10:20,69062.6479
2024-06-03 09:24:21,68960.1744
2024-06-03 09:30:27,69011.2557
2024-06-03 09:36:38,69116.8057
2024-06-03 09:42:53,69064.6236
2024-06-03 09:49:11,69089.2521
2024-06-03 09:55:19,69128.5933
2024-06-03 10:09:52,69157.5966
2024-06-03 10:30:49,69178.439
2024-06-03 10:40:14,69185.1759
2024-06-03 10:46:21,69109.6364
2024-06-03 10:52:37,68955.3374
2024-06-03 10:58:41,68971.8109
2024-06-03 11:11:24,69022.0371
2024-06-03 11:20:51,69162.185
2024-06-03 11:27:15,69223.1688
2024-06-03 11:34:09,69152.6537
2024-06-03 11:40:10,69035.4401
2024-06-03 11:46:28,69051.3233
2024-06-03 11:52:47,69152.6929
2024-06-03 11:58:42,69106.4426
2024-06-03 12:26:27,69380.5713
2024-06-03 12:49:52,69517.2275
2024-06-03 13:01:37,69717.232
2024-06-03 13:21:00,69579.8539
2024-06-03 13:29:48,69702.987
2024-06-03 13:35:55,69908.6548
2024-06-03 13:41:51,69890.5328
2024-06-03 13:47:53,70079.9752
2024-06-03 13:54:17,69902.2511
2024-06-03 14:00:23,69892.9418
2024-06-03 14:15:38,69884.348
2024-06-03 14:29:01,69708.5264
2024-06-03 14:36:06,69308.4268
2024-06-03 14:42:04,69058.6787
2024-06-03 14:48:18,68872.0719
2024-06-03 14:54:46,68847.6351
2024-06-03 15:03:26,68915.9433
2024-06-03 15:22:25,69143.4191
2024-06-03 15:29:32,69014.6943
2024-06-03 15:35:45,69253.006
2024-06-03 15:42:26,69231.281
2024-06-03 15:48:39,69191.4834
2024-06-03 15:54:37,69256.8729
2024-06-03 16:07:21,69382.469
2024-06-03 16:28:32,69184.4153
2024-06-03 16:39:04,69253.087
2024-06-03 16:45:07,69235.4186
2024-06-03 16:51:16,69183.8571
2024-06-03 16:57:20,69124.4827
2024-06-03 17:10:43,68971.782
2024-06-03 17:24:13,69220.862
2024-06-03 17:30:03,69231.7314
2024-06-03 17:36:25,69296.4333
2024-06-03 17:42:36,69349.475
2024-06-03 17:48:36,69310.3063
2024-06-03 17:54:29,69303.6564
2024-06-03 18:08:21,69382.0196
2024-06-03 18:29:55,69335.6258
2024-06-03 18:39:51,69402.8681
2024-06-03 18:45:58,69450.3699
2024-06-03 18:52:17,69427.6709
2024-06-03 18:58:09,69290.2911
2024-06-03 19:10:55,69145.8516
2024-06-03 19:19:20,69136.7444
2024-06-03 19:25:09,69179.4485
2024-06-03 19:31:39,69151.6334
2024-06-03 19:38:18,69142.4859
2024-06-03 19:44:22,69134.0191
2024-06-03 19:50:34,69161.932
2024-06-03 19:56:30,69231.9393
2024-06-03 20:09:49,69306.8295
2024-06-03 20:23:27,69493.6642
2024-06-03 20:29:33,69446.7615
2024-06-03 20:37:53,69370.6345
2024-06-03 20:43:52,69304.8756
2024-06-03 20:50:07,69274.1047
2024-06-03 20:56:19,69227.9785
2024-06-03 21:09:39,69206.0037
2024-06-03 21:22:06,69052.1317
2024-06-03 21:28:03,69027.2777
2024-06-03 21:36:01,69109.8939
2024-06-03 21:42:06,69124.2044
2024-06-03 21:47:59,69142.6334
2024-06-03 21:54:16,69206.0794
2024-06-03 22:00:33,69100.7573
2024-06-03 22:16:38,68938.0275
2024-06-03 22:29:50,69018.1489
2024-06-03 22:36:46,69107.6972
2024-06-03 22:43:04,69101.8179
2024-06-03 22:49:21,69136.6999
2024-06-03 22:55:29,69101.8586
2024-06-03 23:07:56,69064.2855
2024-06-03 23:22:18,68985.0844
2024-06-03 23:28:18,68956.245
2024-06-03 23:35:41,68943.0122
2024-06-03 23:41:42,68822.5889
2024-06-03 23:47:53,68828.6149
2024-06-03 23:54:08,68872.5016
2024-06-03 23:59:59,68862.8198
2024-06-04 01:09:16,69044.2526
2024-06-04 02:05:42,69226.3509
2024-06-04 02:35:02,69174.3308
2024-06-04 02:46:26,69138.038
2024-06-04 02:52:22,69150.8257
2024-06-04 02:58:13,69131.5321
2024-06-04 03:14:53,69346.0661
2024-06-04 03:28:35,69226.7415
2024-06-04 03:35:58,69209.0333
2024-06-04 03:42:04,69244.3536
2024-06-04 03:48:18,69220.0364
2024-06-04 03:54:24,69190.4385
2024-06-04 04:07:18,69132.523
2024-06-04 04:25:20,69267.8129
2024-06-04 04:33:20,69267.6351
2024-06-04 04:39:33,69229.9512
2024-06-04 04:45:32,69176.3187
2024-06-04 04:51:44,69187.5514
2024-06-04 04:57:46,69097.9225
2024-06-04 05:14:12,69133.0724
